{
	"credit": "Made with Blockbench",
	"texture_size": [2048, 2048],
	"textures": {
		"0": "guis/tutorial/campfire",
		"3": "guis/tutorial/atk",
		"particle": "guis/tutorial/campfire"
	},
	"elements": [
		{
			"from": [-16, 0, 26.82486],
			"to": [2.66667, 32, 26.82486],
			"rotation": {"angle": -45, "axis": "x", "origin": [-4.66667, 0.68629, -1]},
			"faces": {
				"north": {"uv": [0, 0, 0.25, 0.25], "rotation": 180, "texture": "#missing"},
				"east": {"uv": [0, 0, 0.25, 0], "rotation": 270, "texture": "#missing"},
				"south": {"uv": [0, 0, 16, 16], "texture": "#3"},
				"west": {"uv": [0, 0, 0.25, 0], "rotation": 90, "texture": "#missing"},
				"up": {"uv": [0, 0, 16, 16], "rotation": 180, "texture": "#0"},
				"down": {"uv": [0, 0, 0.25, 0], "texture": "#missing"}
			}
		}
	],
	"gui_light": "front",
	"display": {
		"thirdperson_righthand": {
			"scale": [0, 0, 0]
		},
		"thirdperson_lefthand": {
			"scale": [0, 0, 0]
		},
		"firstperson_righthand": {
			"scale": [0, 0, 0]
		},
		"firstperson_lefthand": {
			"scale": [0, 0, 0]
		},
		"gui": {
			"rotation": [45, 0, 0],
			"translation": [-80, 80, 0],
			"scale": [4, 4, 4]
		}
	}
}