{
	"parent": "item/handheld",
	"textures": {
		"layer0": "item/diamond_hoe"
	},
	"overrides": [
		{ "predicate": { "damaged": 0, "damage": 0 }, "model": "item/sword_idle" },
		{ "predicate": { "damaged": 0, "damage": 0.00064061499039 }, "model": "item/sword_idle_dfc" },
		{ "predicate": { "damaged": 0, "damage": 0.001281229980782 }, "model": "item/sword_idle_dfc1" },
		{ "predicate": { "damaged": 0, "damage": 0.001921844971172 }, "model": "item/sword_dfc" },
		{ "predicate": { "damaged": 0, "damage": 0.002562459961563 }, "model": "item/sword_atk101" },
		{ "predicate": { "damaged": 0, "damage": 0.003203074951954 }, "model": "item/sword_atk102" },
		{ "predicate": { "damaged": 0, "damage": 0.003843689942345 }, "model": "item/sword_atk111" },
		{ "predicate": { "damaged": 0, "damage": 0.004484304932735 }, "model": "item/sword_atk112" },
		{ "predicate": { "damaged": 0, "damage": 0.005124919923126 }, "model": "item/sword_atk121" },
		{ "predicate": { "damaged": 0, "damage": 0.005765534913517 }, "model": "item/sword_atk122" },
		{ "predicate": { "damaged": 0, "damage": 0.006406149903908 }, "model": "item/sword_atk131" },
		{ "predicate": { "damaged": 0, "damage": 0.007046764894299 }, "model": "item/sword_atk200" },
		{ "predicate": { "damaged": 0, "damage": 0.007687379884689 }, "model": "item/sword_atk201" },
		{ "predicate": { "damaged": 0, "damage": 0.00832799487508 }, "model": "item/sword_atk210" },
		{ "predicate": { "damaged": 0, "damage": 0.008968609865471 }, "model": "item/sword_atk211" },
		{ "predicate": { "damaged": 0, "damage": 0.009609224855862 }, "model": "item/sword_atk220" },
		{ "predicate": { "damaged": 0, "damage": 0.010249839846252 }, "model": "item/sword_atk221" },
		{ "predicate": { "damaged": 0, "damage": 0.010890454836643 }, "model": "item/sword_atk300" },
		{ "predicate": { "damaged": 0, "damage": 0.011531069827034 }, "model": "item/sword_atk310" },
		{ "predicate": { "damaged": 0, "damage": 0.012171684817425 }, "model": "item/sword_atk311" },
		{ "predicate": { "damaged": 0, "damage": 0.012812299807816 }, "model": "item/sword_atk320" },
		{ "predicate": { "damaged": 0, "damage": 0.013452914798206 }, "model": "item/sword_atk330" },
		{ "predicate": { "damaged": 0, "damage": 0.014093529788597 }, "model": "item/sword_atk340" },
		{ "predicate": { "damaged": 0, "damage": 0.014734144778988 }, "model": "item/sword_atk400" },
		{ "predicate": { "damaged": 0, "damage": 0.015374759769379 }, "model": "item/sword_atk401" },
		{ "predicate": { "damaged": 0, "damage": 0.016015374759769 }, "model": "item/sword_atk410" },
		{ "predicate": { "damaged": 0, "damage": 0.01665598975016 }, "model": "item/sword_atk411" },
		{ "predicate": { "damaged": 0, "damage": 0.017296604740551 }, "model": "item/sword_atk420" }
	]
}