{
	"credit": "Made with Blockbench",
	"texture_size": [512, 512],
	"textures": {
		"0": "items/emerald",
		"particle": "items/emerald"
	},
	"elements": [
		{
			"from": [0, 0, 0],
			"to": [16, 0, 16],
			"faces": {
				"north": {"uv": [0, 0, 0.5, 0], "texture": "#missing"},
				"east": {"uv": [0, 0, 0.5, 0], "texture": "#missing"},
				"south": {"uv": [0, 0, 0.5, 0], "texture": "#missing"},
				"west": {"uv": [0, 0, 0.5, 0], "texture": "#missing"},
				"up": {"uv": [0, 0, 16, 16], "texture": "#0"},
				"down": {"uv": [0, 0, 0.5, 0.5], "texture": "#0"}
			}
		}
	],
	"display": {
		"thirdperson_righthand": {
			"rotation": [49.75, -173, -96],
			"translation": [-4.25, 1, 2.5],
			"scale": [0.5, 0.5, 0.5]
		},
		"firstperson_righthand": {
			"rotation": [-105.5, -112, 46],
			"translation": [0, 11.75, 0]
		},
		"gui": {
			"rotation": [90, 2.75, 0],
			"translation": [-0.5, -0.5, 1],
			"scale": [1.3, 1.3, 1.3]
		}
	}
}