{
	"credit": "Made with Blockbench",
	"texture_size": [512, 512],
	"textures": {
		"0": "guis/damage/damage-1",
		"particle": "guis/damage/damage-1"
	},
	"elements": [
		{
			"from": [0, 0, 8],
			"to": [16, 9, 8],
			"faces": {
				"north": {"uv": [8, 0, 16, 0], "texture": "#0"},
				"east": {"uv": [0, 15, 16, 16], "rotation": 270, "texture": "#missing"},
				"south": {"uv": [0, 3.54167, 16, 12.45833], "rotation": 180, "texture": "#0"},
				"west": {"uv": [0, 15, 16, 16], "rotation": 90, "texture": "#missing"},
				"up": {"uv": [0, 3.58333, 16, 12.5], "rotation": 180, "texture": "#0"},
				"down": {"uv": [0, 15, 16, 16], "texture": "#missing"}
			}
		}
	],
	"display": {
		"thirdperson_righthand": {
			"scale": [0, 0, 0]
		},
		"thirdperson_lefthand": {
			"scale": [0, 0, 0]
		},
		"firstperson_righthand": {
			"scale": [0, 0, 0]
		},
		"firstperson_lefthand": {
			"translation": [-9, 12, 5.75]
		},
		"gui": {
			"scale": [0, 0, 0]
		},
		"head": {
			"scale": [0, 0, 0]
		},
		"fixed": {
			"scale": [0, 0, 0]
		}
	}
}