{
   "providers": [
      {
         "type": "ttf",
         "file": "NotoSerifCJKtc-SemiBold.otf",
         "shift": [0, 0.5],
         "size": 10.0,
         "oversample": 4.0,
         "skip": ""
      },
      {
         "type": "bitmap",
         "file": "minecraft:font/dead.png",
         "ascent": 16,
         "height": 32,
         "chars": ["\uE001"]
      },
      {
         "type": "bitmap",
         "file": "minecraft:font/health_0.png",
         "ascent": 4,
         "height": 4,
         "chars": ["\uE002"]
      },
      {
         "type": "bitmap",
         "file": "minecraft:font/health_1.png",
         "ascent": 4,
         "height": 4,
         "chars": ["\uE003"]
      },
      {
         "type": "bitmap",
         "file": "minecraft:font/health_2.png",
         "ascent": 4,
         "height": 4,
         "chars": ["\uE004"]
      },
      {
         "type": "bitmap",
         "file": "minecraft:font/health_3.png",
         "ascent": 4,
         "height": 4,
         "chars": ["\uE005"]
      },
      {
         "type": "bitmap",
         "file": "minecraft:font/health_4.png",
         "ascent": 4,
         "height": 4,
         "chars": ["\uE006"]
      },
      {
         "type": "bitmap",
         "file": "minecraft:font/health_5.png",
         "ascent": 4,
         "height": 4,
         "chars": ["\uE007"]
      },
      {
         "type": "bitmap",
         "file": "minecraft:font/health_6.png",
         "ascent": 4,
         "height": 4,
         "chars": ["\uE008"]
      },
      {
         "type": "bitmap",
         "file": "minecraft:font/health_7.png",
         "ascent": 4,
         "height": 4,
         "chars": ["\uE009"]
      },
      {
         "type": "bitmap",
         "file": "minecraft:font/health_8.png",
         "ascent": 4,
         "height": 4,
         "chars": ["\uE010"]
      },
      {
         "type": "bitmap",
         "file": "minecraft:font/health_9.png",
         "ascent": 4,
         "height": 4,
         "chars": ["\uE011"]
      },
      {
         "type": "bitmap",
         "file": "minecraft:font/health_10.png",
         "ascent": 4,
         "height": 4,
         "chars": ["\uE012"]
      },
      {
         "type": "bitmap",
         "file": "minecraft:font/health_11.png",
         "ascent": 4,
         "height": 4,
         "chars": ["\uE013"]
      },
      {
         "type": "bitmap",
         "file": "minecraft:font/health_12.png",
         "ascent": 4,
         "height": 4,
         "chars": ["\uE014"]
      },
      {
         "type": "bitmap",
         "file": "minecraft:font/health_13.png",
         "ascent": 4,
         "height": 4,
         "chars": ["\uE015"]
      },
      {
         "type": "bitmap",
         "file": "minecraft:font/health_14.png",
         "ascent": 4,
         "height": 4,
         "chars": ["\uE016"]
      },
      {
         "type": "bitmap",
         "file": "minecraft:font/health_15.png",
         "ascent": 4,
         "height": 4,
         "chars": ["\uE017"]
      },
      {
         "type": "bitmap",
         "file": "minecraft:font/health_16.png",
         "ascent": 4,
         "height": 4,
         "chars": ["\uE018"]
      },
      {
         "type": "bitmap",
         "file": "minecraft:font/health_17.png",
         "ascent": 4,
         "height": 4,
         "chars": ["\uE019"]
      },
      {
         "type": "bitmap",
         "file": "minecraft:font/health_18.png",
         "ascent": 4,
         "height": 4,
         "chars": ["\uE020"]
      },
      {
         "type": "bitmap",
         "file": "minecraft:font/health_19.png",
         "ascent": 4,
         "height": 4,
         "chars": ["\uE021"]
      },
      {
         "type": "bitmap",
         "file": "minecraft:font/health_20.png",
         "ascent": 4,
         "height": 4,
         "chars": ["\uE022"]
      },
      {
         "type": "bitmap",
         "file": "minecraft:guis/damage/damage0.png",
         "ascent": 80,
         "height": 170,
         "chars": ["\uE023"]
      },
      {
         "type": "bitmap",
         "file": "minecraft:guis/damage/damage1.png",
         "ascent": 80,
         "height": 170,
         "chars": ["\uE024"]
      },
      {
         "type": "bitmap",
         "file": "minecraft:guis/damage/damage2.png",
         "ascent": 80,
         "height": 170,
         "chars": ["\uE025"]
      },
      {
         "type": "bitmap",
         "file": "minecraft:guis/damage/damage3.png",
         "ascent": 80,
         "height": 170,
         "chars": ["\uE026"]
      }
   ]
}