{
	"credit": "Made with Blockbench",
	"texture_size": [64, 64],
	"textures": {
		"0": "blocks/door",
		"particle": "blocks/door"
	},
	"elements": [
		{
			"from": [-9, 0, -15],
			"to": [-6, 32, 1],
			"rotation": {"angle": 0, "axis": "y", "origin": [-8, 14, 1]},
			"faces": {
				"north": {"uv": [0, 0.75, 0.75, 8.75], "texture": "#0"},
				"east": {"uv": [4.75, 0.75, 0.75, 8.75], "texture": "#0"},
				"south": {"uv": [4.75, 0.75, 5.5, 8.75], "texture": "#0"},
				"west": {"uv": [0.75, 0.75, 4.75, 8.75], "texture": "#0"},
				"up": {"uv": [4.75, 0.75, 0.75, 0], "rotation": 270, "texture": "#0"},
				"down": {"uv": [8.75, 0, 4.75, 0.75], "rotation": 90, "texture": "#0"}
			}
		},
		{
			"from": [22, 0, -15],
			"to": [25, 32, 1],
			"rotation": {"angle": 0, "axis": "y", "origin": [24, 14, 1]},
			"faces": {
				"north": {"uv": [0.75, 0.75, 0, 8.75], "texture": "#0"},
				"east": {"uv": [4.75, 0.75, 0.75, 8.75], "texture": "#0"},
				"south": {"uv": [5.5, 0.75, 4.75, 8.75], "texture": "#0"},
				"west": {"uv": [0.75, 0.75, 4.75, 8.75], "texture": "#0"},
				"up": {"uv": [0.75, 0.75, 4.75, 0], "rotation": 90, "texture": "#0"},
				"down": {"uv": [4.75, 0, 8.75, 0.75], "rotation": 270, "texture": "#0"}
			}
		}
	],
	"display": {}
}