{
	"credit": "Made with Blockbench",
	"texture_size": [64, 64],
	"textures": {
		"0": "blocks/door",
		"particle": "blocks/door"
	},
	"elements": [
		{
			"from": [-8, 0, 0],
			"to": [8, 32, 3],
			"rotation": {"angle": 0, "axis": "y", "origin": [-8, 14, 1]},
			"faces": {
				"north": {"uv": [0.75, 0.75, 4.75, 8.75], "texture": "#0"},
				"east": {"uv": [0, 0.75, 0.75, 8.75], "texture": "#0"},
				"south": {"uv": [4.75, 0.75, 0.75, 8.75], "texture": "#0"},
				"west": {"uv": [4.75, 0.75, 5.5, 8.75], "texture": "#0"},
				"up": {"uv": [4.75, 0.75, 0.75, 0], "texture": "#0"},
				"down": {"uv": [8.75, 0, 4.75, 0.75], "texture": "#0"}
			}
		},
		{
			"from": [8, 0, 0],
			"to": [24, 32, 3],
			"rotation": {"angle": 0, "axis": "y", "origin": [24, 14, 1]},
			"faces": {
				"north": {"uv": [4.75, 0.75, 0.75, 8.75], "texture": "#0"},
				"east": {"uv": [5.5, 0.75, 4.75, 8.75], "texture": "#0"},
				"south": {"uv": [0.75, 0.75, 4.75, 8.75], "texture": "#0"},
				"west": {"uv": [0.75, 0.75, 0, 8.75], "texture": "#0"},
				"up": {"uv": [0.75, 0.75, 4.75, 0], "texture": "#0"},
				"down": {"uv": [4.75, 0, 8.75, 0.75], "texture": "#0"}
			}
		}
	],
	"display": {}
}